源文件,开始时间,结束时间,歌曲别名
ヴィラン-full-朝比奈 まふゆ+山 瑞希.mp3,32,77,villain
限りなく灰色へ-full-| }名+R音 リン+宵崎 奏+朝比奈 まふゆ+山 瑞希.mp3,60,120,向着无尽之灰
ビタ`チョコデコレ`ション-full-初音 ミク+宵崎 奏+朝比奈 まふゆ+| }名+山 瑞希.mp3,38,71,苦巧克力装饰
ベノム.mp3,50,86,猛毒
バグ-full-朝比奈 まふゆ+R音 レン+宵崎 奏+| }名+山 瑞希.mp3,42,70,bug
アイディスマイル-full-山 瑞希+MEIKO+宵崎 奏+朝比奈 まふゆ+| }名.mp3,32,61,ID smile
ザムザ-full-宵崎 奏+KAITO+朝比奈 まふゆ+| }名+山 瑞希.mp3,47,75,萨姆沙
フォニイ-full-MEIKO+宵崎 奏+朝比奈 まふゆ+| }名+山 瑞希.mp3,56,85,phony
ロウワ`-full-山 瑞希+MEIKO+宵崎 奏+朝比奈 まふゆ+| }名.mp3,67,91,lower
Iなんです-full-| }名+初音 ミク+宵崎 奏+朝比奈 まふゆ+山 瑞希.mp3,41,60,就是I呀
心予  MORE MORE JUMP  初音ミク.mp3,60,100,心予
モア！ジャンプ！モア！-full-桃井 劾+初音 ミク+花里 みのり+桐谷 遥+日野森 ~ (1).mp3,36,92,more!jump!more!
天使のクロ`バ`-full-花里 みのり+桐谷 遥+桃井 劾+日野森 ~+R音 リン.mp3,50,113,天使的幸运草
アイドル新-full-花里 みのり+桐谷 遥+桃井 劾+日野森 ~+初音 ミク.mp3,65,99,偶像新锐队
イフ-full-桐谷 遥+初音 ミク+花里 みのり+桃井 劾+日野森 ~.mp3,45,95,if
リアライズ-full-小豆g こはね+初音 ミク+白石 杏+| 彰人+青柳 冬弥.mp3,45,80,realize
Flyer!-full-小豆g こはね+R音 レン+白石 杏+| 彰人+青柳 冬弥 (1).mp3,45,73,Flyer！
威L堂々-full-KAITO+| 彰人+青柳 冬弥.mp3,33,62,威风堂堂
魔の踊り方-full-R音 リン+小豆g こはね+白石 杏+| 彰人+青柳 冬弥.mp3,35,70,恶魔的舞蹈方式
Ready Steady-full-小豆g こはね+白石 杏+| 彰人+青柳 冬弥+初音 ミク.mp3,52,90,ready steady
drop pop candy-full-R音 リン+巡音 ルカ+小豆g こはね+白石 杏.mp3,47,83,drop pop candy
DAYBREAK FRONTLINE-full-初音 ミク+小豆g こはね+白石 杏+| 彰人+青柳 冬弥.mp3,52,78,黎明前线
星空のメロディ`-full-草S 々+MEIKO+天R 司+P えむ+神代 .mp3,50,105,星空的旋律
テレキャスタ`ビ`ボ`イ  ワンダ`ランズショウタイム  R音レン.mp3,30,62,Telecaster B-Boy
トンデモワンダ`ズ-full-天R 司+KAITO+P えむ+草S 々+神代 .mp3,24,57,不可思议的wonders
にっこり^^{岁のテ`マ-full-P えむ+初音 ミク+天R 司+草S 々+神代 .mp3,55,88,微笑调查队
い`あるふぁんくらぶ-full-R音 リン+天R 司+P えむ+草S 々+神代 .mp3,53,76,12 fun club
おこちゃま檎-full-R音 リン+R音 レン+天R 司+草S 々.mp3,43,72,孩子气的战争
potatoになっていく-full-神代 +初音 ミク+天R 司+P えむ+草S 々.mp3,49,105,变身土豆
神のまにまに-full-初音 ミク+天R 司+P えむ+草S 々+神代 .mp3,60,97,神的随波逐流
エゴロック-full-R音 B+天R 司+P 笑+草S +神代 .mp3,30,66,自我摇滚
チュルリラ`チュルリラ`ダッダッダ！-full-天R 司+P えむ+草S 々+神代 .mp3,35,60,啾噜哩啦
サラマンダ`-full-初音 未+| 彰人+| L名.mp3,40,75,沙拉曼达
Journey-full-星乃 一歌+花里 みのり+小豆g こはね+天R 司+宵崎 奏+初音 ミク.mp3,34,66,journey
アイデンティティ-full-初音 ミク+宵崎 奏.mp3,23,69,identity
エゴイスト-full-MEIKO+小豆g こはね+白石 杏+| 彰人+青柳 冬弥.mp3,60,95,利己主义者
とても素长柿月でした-full-初音 ミク+宵崎 奏+朝比奈 まふゆ+| }名+山 瑞希.mp3,42,83,这是个多么美好的六月啊
独りんぼエンヴィ`-full-初音 未+宵崎 奏+陨 瑞希 .mp3,0,21,孑然妒火
ハッピ`シンセサイザ-full-花里 みのり+桐谷 遥+桃井 劾+日野森 ~.mp3,0,25,快乐合成器
"R音リン,R音レン,ギガP - 劣等上等.mp3",42,77,劣等上等
"Ayase,初音ミク - 幽|京.mp3",65,107,幽灵东京
"初音ミク,R音リン,R音レン - Blessing.mp3",50,93,blessing
千本樱.mp3,55,99,千本樱
"Re：nG,KAITO - レイニ`スノ`ドロップ (feat. KAITO).mp3",51,88,Rainy Snowdrop
KING-full-天R 司+神代 .mp3,47,78,king
お荬苏伽工蓼-full-天R 司+P えむ+草S 々+神代 +R音 レン.mp3,50,90,皆大欢喜
Be The MUSIC!-full-「All Music MIKUdemy」一同.mp3,50,83,be the music
"DECO＊27,初音ミク - 妄想感代B盟.mp3",52,95,妄想感伤代偿联盟
"初音ミク,P＊Light - 荬蓼挨欹幞毳伐.mp3",46,83,随心所欲mercy
"DECO＊27,初音ミク - ヴァンパイア.mp3",50,88,vampire
"かいりきベア,初音ミク - ダ`リンダンス.mp3",47,97,darling dance
シネマ  Vivid BAD SQUAD  KAITO.mp3,147,219,cinema
